iter	Logloss
0	0.6726406319
1	0.657907946
2	0.6401551363
3	0.6218688607
4	0.6091718888
5	0.5919560744
6	0.5800906039
7	0.5623245436
8	0.5464372886
9	0.535070496
10	0.5233800821
11	0.5084946035
12	0.4989953858
13	0.4891585585
14	0.4742056785
15	0.4615273065
16	0.448378238
17	0.4392750008
18	0.4267576385
19	0.4186653221
